topic,questions,answer
where,where is the lost and found|where is the lost and found office|where is the disciplinary office|saan ang lost and found|saan yung disciplinary office|where do i go to claim|where do i bring a found item|saan dadalhin ang napulot|which office handles lost items|who handles lost and found|who is in charge of found items,"Lost and found at NU Laguna is handled by the **Disciplinary Office**, which is **near the dugout**. Bring found items there, and go there to claim your things."
claim,how do i claim my item|how to claim|paano mag claim|what do i need to claim|what should i bring to claim|do i need my id to claim|kailangan ba ng id|what proof do i need|how do i get my item back|paano ko makukuha yung gamit ko|what are the steps to claim,"To claim an item:\n1. Go to the **Disciplinary Office near the dugout**.\n2. Bring your **school ID** and your FindIt **reference code** if you have one.\n3. Be ready to describe the item (color, brand, marks, what's inside) so the office can check it's yours."
hours,what are the office hours|when is the office open|what time does the office open|what time does the office close|is the office open on saturday|anong oras bukas ang office|open ba sila ngayon|office schedule,"I don't have the Disciplinary Office's exact hours yet. It's usually open during regular school office hours. If you're unsure, ask the guard or check with the office directly."
keep,how long do you keep found items|what happens to unclaimed items|are unclaimed items donated|how many days are items kept|what do you do with unclaimed things,"Unclaimed items stay with the **Disciplinary Office**. How long they're kept depends on the office's policy, so it's best to claim your item as soon as you can."
proxy,can someone else claim my item|can my friend claim it for me|can i claim for my classmate|can my parent get my item|can i report for someone else|can i report on behalf of my friend,"You can file a report for a friend here. For **claiming**, the office will usually want the owner there with their school ID. Ask the Disciplinary Office if someone else needs to claim it for you."
fee,is there a fee to claim|do i have to pay|is claiming free|how much to claim,"No, reporting and claiming items is **free**."
notify,how will i know if my item is found|will i get notified|do you send an email when there is a match|how do i check my report,"When you file a lost report I check all the found items right away. You can also leave an email so the office can reach you. To check again later, just ask me \"has anyone found my ...\" or visit the Disciplinary Office."
report_info,what information do i need to report|what details should i include|what should i give when reporting|how do i report a lost item|how do i report a found item,"Just tell me **what** the item is, **where** it was lost or found, and **when**. Details like color, brand, stickers or a case help a lot. For example: *\"I lost my black Samsung phone at the library yesterday.\"*"
about,what is findit|how does this chatbot work|how do i use this|what can you do|who made this chatbot|who built this|paano gamitin to,"I'm **FindIt**, the lost and found assistant for NU Laguna. I use NLP (a TF-IDF + logistic regression classifier with a campus word list) to understand what you type. I can:\n- record **lost** items and check them against found ones\n- record **found** items so owners can get them back\n- **search** items that were turned in\n- answer questions about the process\n\nI was built by NU Laguna students for our NLP elective."
privacy,is my information private|who can see my report|do you share my data,"Only the office staff can see full reports. When someone searches, I only show basic info (item type, color, place and date) so no one can claim things that aren't theirs."
