item,term,brand
PHONE,phone,
PHONE,phones,
PHONE,cellphone,
PHONE,cell phone,
PHONE,cellular phone,
PHONE,mobile phone,
PHONE,mobile,
PHONE,smartphone,
PHONE,smart phone,
PHONE,android phone,
PHONE,cp,
PHONE,selpon,
PHONE,cellfone,
PHONE,telephone,
PHONE,telecommunication device,
PHONE,telecommunications device,
PHONE,telecom device,
PHONE,communication device,
PHONE,iphone,Apple
PHONE,samsung,Samsung
PHONE,galaxy,Samsung
PHONE,oppo,Oppo
PHONE,vivo,Vivo
PHONE,realme,Realme
PHONE,xiaomi,Xiaomi
PHONE,redmi,Xiaomi
PHONE,poco,Xiaomi
PHONE,infinix,Infinix
PHONE,tecno,Tecno
PHONE,huawei,Huawei
PHONE,nokia,Nokia
TABLET,tablet,
TABLET,tab,
TABLET,tablet computer,
TABLET,ipad,Apple
TABLET,galaxy tab,Samsung
LAPTOP,laptop,
LAPTOP,laptops,
LAPTOP,notebook computer,
LAPTOP,notebook pc,
LAPTOP,portable computer,
LAPTOP,chromebook,
LAPTOP,macbook,Apple
LAPTOP,thinkpad,Lenovo
KEYBOARD,keyboard,
KEYBOARD,computer keyboard,
KEYBOARD,typing board,
MOUSE,mouse,
MOUSE,computer mouse,
MOUSE,wireless mouse,
CHARGER,charger,
CHARGER,chargers,
CHARGER,phone charger,
CHARGER,laptop charger,
CHARGER,usb charger,
CHARGER,charging cable,
CHARGER,charging cord,
CHARGER,charging brick,
CHARGER,cable,
CHARGER,usb cable,
CHARGER,type c cable,
CHARGER,lightning cable,
CHARGER,adapter,
CHARGER,power adapter,
POWER_BANK,power bank,
POWER_BANK,powerbank,
POWER_BANK,portable charger,
POWER_BANK,battery pack,
EARPHONES,earphones,
EARPHONES,earphone,
EARPHONES,earbuds,
EARPHONES,earbud,
EARPHONES,wireless earbuds,
EARPHONES,in ear headphones,
EARPHONES,buds,
EARPHONES,tws,
EARPHONES,airpods,Apple
EARPHONES,airpod,Apple
EARPHONES,galaxy buds,Samsung
HEADPHONES,headphones,
HEADPHONES,headphone,
HEADPHONES,headset,
HEADPHONES,over ear headphones,
USB_DRIVE,usb,
USB_DRIVE,usb drive,
USB_DRIVE,usb stick,
USB_DRIVE,flash drive,
USB_DRIVE,flashdrive,
USB_DRIVE,flash disk,
USB_DRIVE,thumb drive,
USB_DRIVE,thumbdrive,
USB_DRIVE,memory stick,
USB_DRIVE,pendrive,
CALCULATOR,calculator,
CALCULATOR,scientific calculator,
CALCULATOR,calcu,
WATCH,watch,
WATCH,wristwatch,
WATCH,smartwatch,
WATCH,smart watch,
WATCH,relo,
WATCH,apple watch,Apple
GLASSES,glasses,
GLASSES,eyeglasses,
GLASSES,eye glasses,
GLASSES,spectacles,
GLASSES,specs,
GLASSES,salamin,
SUNGLASSES,sunglasses,
SUNGLASSES,sun glasses,
SUNGLASSES,shades,
WALLET,wallet,
WALLET,billfold,
WALLET,coin purse,
WALLET,purse,
WALLET,card holder,
WALLET,cardholder,
WALLET,pitaka,
STUDENT_ID,id,
STUDENT_ID,student id,
STUDENT_ID,school id,
STUDENT_ID,id card,
STUDENT_ID,identification card,
STUDENT_ID,student identification,
STUDENT_ID,identification,
ID_LANYARD,lanyard,
ID_LANYARD,id lace,
ID_LANYARD,id strap,
ID_LANYARD,id sling,
ID_LANYARD,neck strap,
BANK_CARD,atm,
BANK_CARD,atm card,
BANK_CARD,debit card,
BANK_CARD,credit card,
BANK_CARD,bank card,
KEYS,keys,
KEYS,key,
KEYS,keychain,
KEYS,key chain,
KEYS,house keys,
KEYS,room keys,
KEYS,car keys,
KEYS,car key,
KEYS,motor key,
KEYS,susi,
BACKPACK,backpack,
BACKPACK,bagpack,
BACKPACK,bag,
BACKPACK,bags,
BACKPACK,school bag,
BACKPACK,knapsack,
BACKPACK,tote bag,
BACKPACK,tote,
BACKPACK,sling bag,
BACKPACK,shoulder bag,
BACKPACK,handbag,
BACKPACK,jansport,Jansport
PENCIL_CASE,pencil case,
PENCIL_CASE,pen case,
PENCIL_CASE,pencil pouch,
PENCIL_CASE,pencil box,
BOOK,book,
BOOK,books,
BOOK,textbook,
BOOK,school book,
BOOK,reference book,
BOOK,module,
NOTEBOOK,notebook,
NOTEBOOK,notebooks,
NOTEBOOK,spiral notebook,
NOTEBOOK,school notebook,
NOTEBOOK,journal,
NOTEBOOK,notes,
NOTEBOOK,planner,
NOTEBOOK,reviewer,
NOTEBOOK,kwaderno,
FOLDER,folder,
FOLDER,document folder,
FOLDER,file folder,
FOLDER,clearbook,
FOLDER,envelope,
FOLDER,documents,
FOLDER,papers,
PEN,pen,
PEN,pens,
PEN,ballpen,
PEN,ball pen,
PEN,ink pen,
PEN,marker,
PENCIL,pencil,
PENCIL,mechanical pencil,
RULER,ruler,
RULER,measuring ruler,
UMBRELLA,umbrella,
UMBRELLA,rain umbrella,
UMBRELLA,payong,
WATER_BOTTLE,water bottle,
WATER_BOTTLE,bottle,
WATER_BOTTLE,tumbler,
WATER_BOTTLE,drink bottle,
WATER_BOTTLE,flask,
WATER_BOTTLE,jug,
WATER_BOTTLE,aquaflask,Aquaflask
WATER_BOTTLE,aqua flask,Aquaflask
WATER_BOTTLE,hydroflask,Hydro Flask
WATER_BOTTLE,hydro flask,Hydro Flask
LUNCH_BOX,lunch box,
LUNCH_BOX,lunchbox,
LUNCH_BOX,lunch bag,
LUNCH_BOX,food container,
LUNCH_BOX,baunan,
JACKET,jacket,
JACKET,hoodie,
JACKET,sweater,
JACKET,cardigan,
JACKET,windbreaker,
JACKET,varsity jacket,
CLOTHING,shirt,
CLOTHING,t shirt,
CLOTHING,polo,
CLOTHING,uniform,
CLOTHING,pe uniform,
CLOTHING,pants,
CLOTHING,clothes,
TOWEL,towel,
TOWEL,bimpo,
SHOES,shoes,
SHOES,shoe,
SHOES,sneakers,
SHOES,rubber shoes,
SHOES,slippers,
SHOES,tsinelas,
CAP,cap,
CAP,hat,
CAP,baseball cap,
CAP,bucket hat,
JEWELRY,ring,
JEWELRY,necklace,
JEWELRY,bracelet,
JEWELRY,earrings,
JEWELRY,earring,
JEWELRY,jewelry,
MONEY,money,
MONEY,cash,
MONEY,coins,
MONEY,pera,
BALL,ball,
BALL,basketball,
BALL,volleyball,
BALL,football,
,apple,Apple
,casio,Casio
,jbl,JBL
,sony,Sony
,nike,Nike
,adidas,Adidas
,lenovo,Lenovo
,asus,Asus
,acer,Acer
,dell,Dell
,logitech,Logitech
,anker,Anker
,baseus,Baseus
,uniqlo,Uniqlo
,g shock,Casio
