location,term,zone
DISCIPLINARY_OFFICE,disciplinary office,ADMIN
DISCIPLINARY_OFFICE,discipline office,ADMIN
DISCIPLINARY_OFFICE,disciplinary,ADMIN
DISCIPLINARY_OFFICE,prefect of discipline,ADMIN
DISCIPLINARY_OFFICE,do office,ADMIN
DUGOUT,dugout,SPORTS
DUGOUT,dug out,SPORTS
DUGOUT,dugout area,SPORTS
DUGOUT,bleachers,SPORTS
SAMPALOC_LANE,sampaloc lane,ENTRANCE
SAMPALOC_LANE,sampaloc,ENTRANCE
FRONT_ENTRANCE,front entrance,ENTRANCE
FRONT_ENTRANCE,main entrance,ENTRANCE
FRONT_ENTRANCE,front gate,ENTRANCE
FRONT_ENTRANCE,main gate,ENTRANCE
FRONT_ENTRANCE,school gate,ENTRANCE
FRONT_ENTRANCE,campus gate,ENTRANCE
FRONT_ENTRANCE,entrance,ENTRANCE
FRONT_ENTRANCE,gate,ENTRANCE
SECURITY_GUARDHOUSE,guardhouse,ENTRANCE
SECURITY_GUARDHOUSE,guard house,ENTRANCE
SECURITY_GUARDHOUSE,guard post,ENTRANCE
SECURITY_GUARDHOUSE,guard booth,ENTRANCE
SECURITY_GUARDHOUSE,security office,ENTRANCE
SECURITY_GUARDHOUSE,security desk,ENTRANCE
SECURITY_GUARDHOUSE,security booth,ENTRANCE
SECURITY_GUARDHOUSE,checkpoint,ENTRANCE
PARKING_AREA,parking,ENTRANCE
PARKING_AREA,parking lot,ENTRANCE
PARKING_AREA,parking area,ENTRANCE
PARKING_AREA,car park,ENTRANCE
PARKING_AREA,motorcycle parking,ENTRANCE
PARKING_AREA,parkingan,ENTRANCE
PARKING_AREA,paradahan,ENTRANCE
DROP_OFF_AREA,drop off area,ENTRANCE
DROP_OFF_AREA,drop off zone,ENTRANCE
DROP_OFF_AREA,pickup area,ENTRANCE
DROP_OFF_AREA,pick up area,ENTRANCE
DROP_OFF_AREA,loading area,ENTRANCE
LEARNING_RESOURCES_CENTER,learning resources center,LRC
LEARNING_RESOURCES_CENTER,learning resource center,LRC
LEARNING_RESOURCES_CENTER,learning resources centre,LRC
LEARNING_RESOURCES_CENTER,learning center,LRC
LEARNING_RESOURCES_CENTER,resource center,LRC
LEARNING_RESOURCES_CENTER,lrc,LRC
LIBRARY,library,LRC
LIBRARY,school library,LRC
LIBRARY,lrc library,LRC
LIBRARY,reading room,LRC
LIBRARY,reading area,LRC
LIBRARY,silid aklatan,LRC
GAZEBO,gazebo,LRC
GAZEBO,gazeebo,LRC
GAZEBO,outside the lrc,LRC
GAZEBO,outside lrc,LRC
GYM,gym,SPORTS
GYM,gymnasium,SPORTS
GYM,sports center,SPORTS
HIGH_PERFORMANCE_GYM,high performance gym,SPORTS
HIGH_PERFORMANCE_GYM,high performance gymnasium,SPORTS
HIGH_PERFORMANCE_GYM,high performance center,SPORTS
HIGH_PERFORMANCE_GYM,hp gym,SPORTS
HIGH_PERFORMANCE_GYM,hpg,SPORTS
HIGH_PERFORMANCE_GYM,performance gym,SPORTS
HIGH_PERFORMANCE_GYM,fitness gym,SPORTS
HIGH_PERFORMANCE_GYM,fitness center,SPORTS
HIGH_PERFORMANCE_GYM,weights room,SPORTS
HIGH_PERFORMANCE_GYM,weight room,SPORTS
HIGH_PERFORMANCE_GYM,weights area,SPORTS
MULTI_PURPOSE_GYM,multi purpose gym,SPORTS
MULTI_PURPOSE_GYM,multipurpose gym,SPORTS
MULTI_PURPOSE_GYM,multi purpose center,SPORTS
MULTI_PURPOSE_GYM,multipurpose center,SPORTS
MULTI_PURPOSE_GYM,multipurpose hall,SPORTS
MULTI_PURPOSE_GYM,multi purpose hall,SPORTS
MULTI_PURPOSE_GYM,multipurpose,SPORTS
MULTI_PURPOSE_GYM,mp gym,SPORTS
MULTI_PURPOSE_GYM,volleyball court,SPORTS
MULTI_PURPOSE_GYM,volleyball gym,SPORTS
MULTI_PURPOSE_GYM,volleyball area,SPORTS
HOOP_GYM,hoop gym,SPORTS
HOOP_GYM,hoops gym,SPORTS
HOOP_GYM,hoops center,SPORTS
HOOP_GYM,hoop center,SPORTS
HOOP_GYM,hoops,SPORTS
HOOP_GYM,basketball gym,SPORTS
HOOP_GYM,basketball court,SPORTS
HOOP_GYM,basketball area,SPORTS
HOOP_GYM,court,SPORTS
AQUATICS_CENTER,aquatics,SPORTS
AQUATICS_CENTER,aquatics center,SPORTS
AQUATICS_CENTER,aquatic center,SPORTS
AQUATICS_CENTER,swimming pool,SPORTS
AQUATICS_CENTER,swimming pool area,SPORTS
AQUATICS_CENTER,pool,SPORTS
AQUATICS_CENTER,pool area,SPORTS
AQUATICS_CENTER,poolside,SPORTS
AQUATICS_CENTER,pool side,SPORTS
AQUATICS_CENTER,swimming area,SPORTS
FOOTBALL_FIELD,field,SPORTS
FOOTBALL_FIELD,football field,SPORTS
FOOTBALL_FIELD,football pitch,SPORTS
FOOTBALL_FIELD,soccer field,SPORTS
FOOTBALL_FIELD,sports field,SPORTS
FOOTBALL_FIELD,oval,SPORTS
TENNIS_COURT,tennis court,SPORTS
TENNIS_COURT,tennis courts,SPORTS
TENNIS_COURT,tennis area,SPORTS
CAFETERIA,cafeteria,FOOD
CAFETERIA,canteen,FOOD
CAFETERIA,kantina,FOOD
CAFETERIA,dining area,FOOD
CAFETERIA,dining hall,FOOD
CAFETERIA,eating area,FOOD
CAFETERIA,lunch area,FOOD
CAFETERIA,cafe,FOOD
FOOD_STALLS,food stalls,FOOD
FOOD_STALLS,food stall,FOOD
FOOD_STALLS,food court,FOOD
FOOD_STALLS,food booths,FOOD
FOOD_STALLS,food kiosk,FOOD
FOOD_STALLS,food stands,FOOD
FOOD_STALLS,snack stall,FOOD
BOOKSTORE,bookstore,FOOD
BOOKSTORE,book store,FOOD
BOOKSTORE,book shop,FOOD
BOOKSTORE,school supplies store,FOOD
CLASSROOM,classroom,ACADEMIC
CLASSROOM,class room,ACADEMIC
CLASSROOM,room,ACADEMIC
CLASSROOM,lecture room,ACADEMIC
CLASSROOM,lecture hall,ACADEMIC
CLASSROOM,silid aralan,ACADEMIC
CLASSROOM,study room,ACADEMIC
LABORATORY,laboratory,ACADEMIC
LABORATORY,lab,ACADEMIC
LABORATORY,labs,ACADEMIC
LABORATORY,lab room,ACADEMIC
COMPUTER_LAB,computer lab,ACADEMIC
COMPUTER_LAB,computer laboratory,ACADEMIC
COMPUTER_LAB,computer room,ACADEMIC
COMPUTER_LAB,comlab,ACADEMIC
COMPUTER_LAB,com lab,ACADEMIC
COMPUTER_LAB,pc lab,ACADEMIC
COMPUTER_LAB,pc room,ACADEMIC
COMPUTER_LAB,it lab,ACADEMIC
COMPUTER_LAB,ict lab,ACADEMIC
SCIENCE_LAB,science lab,ACADEMIC
SCIENCE_LAB,science laboratory,ACADEMIC
SCIENCE_LAB,chemistry lab,ACADEMIC
SCIENCE_LAB,chem lab,ACADEMIC
SCIENCE_LAB,biology lab,ACADEMIC
SCIENCE_LAB,bio lab,ACADEMIC
SCIENCE_LAB,physics lab,ACADEMIC
ENGINEERING_LAB,engineering lab,ACADEMIC
ENGINEERING_LAB,engineering laboratory,ACADEMIC
ENGINEERING_LAB,engineering workshop,ACADEMIC
ENGINEERING_LAB,engineering room,ACADEMIC
ARCHITECTURE_STUDIO,architecture studio,ACADEMIC
ARCHITECTURE_STUDIO,architecture room,ACADEMIC
ARCHITECTURE_STUDIO,design studio,ACADEMIC
ARCHITECTURE_STUDIO,drafting room,ACADEMIC
ARCHITECTURE_STUDIO,studio,ACADEMIC
FACULTY_ROOM,faculty room,ADMIN
FACULTY_ROOM,faculty office,ADMIN
FACULTY_ROOM,faculty lounge,ADMIN
FACULTY_ROOM,faculty,ADMIN
FACULTY_ROOM,teachers room,ADMIN
FACULTY_ROOM,teachers lounge,ADMIN
FACULTY_ROOM,staff room,ADMIN
OFFICE,office,ADMIN
OFFICE,admin office,ADMIN
OFFICE,administration office,ADMIN
OFFICE,department office,ADMIN
REGISTRAR,registrar,ADMIN
REGISTRAR,registrars office,ADMIN
REGISTRAR,registrar office,ADMIN
REGISTRAR,records office,ADMIN
ADMISSIONS,admissions,ADMIN
ADMISSIONS,admission office,ADMIN
ADMISSIONS,admissions office,ADMIN
ADMISSIONS,enrollment office,ADMIN
GUIDANCE_OFFICE,guidance,ADMIN
GUIDANCE_OFFICE,guidance office,ADMIN
GUIDANCE_OFFICE,counseling office,ADMIN
GUIDANCE_OFFICE,counselor office,ADMIN
STUDENT_AFFAIRS,student affairs,ADMIN
STUDENT_AFFAIRS,student affairs office,ADMIN
STUDENT_AFFAIRS,office of student affairs,ADMIN
STUDENT_AFFAIRS,osa,ADMIN
STUDENT_AFFAIRS,sdao,ADMIN
STUDENT_AFFAIRS,student services,ADMIN
CONFERENCE_ROOM,conference room,ADMIN
CONFERENCE_ROOM,meeting room,ADMIN
CONFERENCE_ROOM,board room,ADMIN
CONFERENCE_ROOM,boardroom,ADMIN
MEDICAL_CLINIC,clinic,HEALTH
MEDICAL_CLINIC,medical clinic,HEALTH
MEDICAL_CLINIC,school clinic,HEALTH
MEDICAL_CLINIC,infirmary,HEALTH
MEDICAL_CLINIC,nurse station,HEALTH
MEDICAL_CLINIC,health center,HEALTH
DENTAL_CLINIC,dental clinic,HEALTH
DENTAL_CLINIC,dental office,HEALTH
DENTAL_CLINIC,dentist,HEALTH
AUDITORIUM,auditorium,EVENTS
AUDITORIUM,event hall,EVENTS
AUDITORIUM,events hall,EVENTS
AUDITORIUM,seminar hall,EVENTS
AUDITORIUM,seminar room,EVENTS
AUDITORIUM,assembly hall,EVENTS
AUDITORIUM,audi,EVENTS
CHAPEL,chapel,EVENTS
CHAPEL,prayer room,EVENTS
CHAPEL,prayer area,EVENTS
CHAPEL,kapilya,EVENTS
DORMITEL,dormitel,DORMITEL
DORMITEL,dorm,DORMITEL
DORMITEL,dormitory,DORMITEL
DORMITEL,dorm room,DORMITEL
DORMITEL,dormitel lobby,DORMITEL
DORMITEL,student housing,DORMITEL
LOBBY,lobby,INDOOR_COMMON
LOBBY,main lobby,INDOOR_COMMON
LOBBY,foyer,INDOOR_COMMON
LOBBY,main hall,INDOOR_COMMON
HALLWAY,hallway,INDOOR_COMMON
HALLWAY,hall,INDOOR_COMMON
HALLWAY,corridor,INDOOR_COMMON
HALLWAY,walkway,INDOOR_COMMON
HALLWAY,passageway,INDOOR_COMMON
HALLWAY,pasilyo,INDOOR_COMMON
STAIRCASE,stairs,INDOOR_COMMON
STAIRCASE,staircase,INDOOR_COMMON
STAIRCASE,stairway,INDOOR_COMMON
STAIRCASE,stairwell,INDOOR_COMMON
STAIRCASE,hagdan,INDOOR_COMMON
STAIRCASE,hagdanan,INDOOR_COMMON
ELEVATOR,elevator,INDOOR_COMMON
ELEVATOR,lift,INDOOR_COMMON
ELEVATOR,elevator lobby,INDOOR_COMMON
RESTROOM,restroom,INDOOR_COMMON
RESTROOM,rest room,INDOOR_COMMON
RESTROOM,comfort room,INDOOR_COMMON
RESTROOM,cr,INDOOR_COMMON
RESTROOM,toilet,INDOOR_COMMON
RESTROOM,bathroom,INDOOR_COMMON
RESTROOM,washroom,INDOOR_COMMON
RESTROOM,mens room,INDOOR_COMMON
RESTROOM,womens room,INDOOR_COMMON
RESTROOM,banyo,INDOOR_COMMON
RESTROOM,sink,INDOOR_COMMON
STUDENT_LOUNGE,student lounge,INDOOR_COMMON
STUDENT_LOUNGE,lounge,INDOOR_COMMON
STUDENT_LOUNGE,common area,INDOOR_COMMON
STUDENT_LOUNGE,common room,INDOOR_COMMON
STUDENT_LOUNGE,tambayan,INDOOR_COMMON
STUDENT_LOUNGE,study area,INDOOR_COMMON
WAITING_AREA,waiting area,INDOOR_COMMON
WAITING_AREA,waiting room,INDOOR_COMMON
WAITING_AREA,waiting lounge,INDOOR_COMMON
DRINKING_STATION,water station,INDOOR_COMMON
DRINKING_STATION,water fountain,INDOOR_COMMON
DRINKING_STATION,drinking fountain,INDOOR_COMMON
DRINKING_STATION,water dispenser,INDOOR_COMMON
DRINKING_STATION,refill station,INDOOR_COMMON
OPEN_GROUNDS,open grounds,OUTDOOR
OPEN_GROUNDS,school grounds,OUTDOOR
OPEN_GROUNDS,campus grounds,OUTDOOR
OPEN_GROUNDS,open area,OUTDOOR
OPEN_GROUNDS,outdoor area,OUTDOOR
OPEN_GROUNDS,outside,OUTDOOR
OPEN_GROUNDS,bench outside,OUTDOOR
OPEN_GROUNDS,quadrangle,OUTDOOR
OPEN_GROUNDS,quad,OUTDOOR
OPEN_GROUNDS,labas,OUTDOOR
